Page,Edits,Editors,Views
"Pope Leo XIV",3486,711,13857018
"Thunderbolts*",567,159,6103131
"Robert Francis Prevost",39,29,5294986
"Sinners (2025 film)",606,164,4650481
"Deaths in 2025",2038,216,4029440
"1989 Tiananmen Square protests and massacre",11,9,3496761
"Final Destination Bloodlines",763,249,3336316
"Mission: Impossible – The Final Reckoning",582,248,3324761
"Pope Francis",263,102,3054905
"Eurovision Song Contest 2025",697,183,2984621
"Andor (TV series)",326,157,2803743
"Lilo & Stitch (2025 film)",305,94,2634578
"Mission: Impossible (film series)",236,86,2548976
"ChatGPT",144,24,2474204
"Cassie Ventura",57,42,2319053
"List of popes",466,140,2100083
"XXX (2002 film)",1,1,1930468
"The Last of Us season 2",167,46,1826921
"The Last of Us (TV series)",136,44,1800524
"Pope Leo XIII",130,72,1702530
"Donald Trump",311,67,1699936
"Cleopatra",28,8,1680745
"Final Destination",144,68,1665944
"Sirens (2025 TV series)",141,31,1649782
"Fred West",65,23,1597752
"XXX (film series)",23,19,1581395
"2025 Australian federal election",1236,279,1560834
"Pope",143,84,1544758
"Ryan Gosling",4,3,1525602
"Sean Combs",45,22,1522402
"Tom Cruise",56,28,1519162
"HIT: The Third Case",519,242,1513978
"Brigitte Macron",21,13,1505939
"Conclave (film)",290,80,1499054
"Clair Obscur: Expedition 33",218,98,1492104
"Magic cross",?,?,1479858
"Shai Gilgeous-Alexander",85,39,1474313
"MobLand",109,34,1459625
"2025 papal conclave",1618,350,1425813
"Retro (film)",749,232,1414009
"George Wendt",251,102,1394523
"Indo-Pakistani wars and conflicts",73,23,1393561
"YouTube",29,17,1338857
"Lamine Yamal",153,58,1333354
"Pope Benedict XVI",148,76,1315724
"Ansel Adams",8,5,1296578
"United States",272,38,1279237
"Pope John Paul II",91,38,1278543
"A Minecraft Movie",135,59,1274758
"Rose West",31,22,1264790
".xxx",1,1,1253529
"World War II",71,32,1252620
"Emmanuel Macron",17,15,1237339
"Osama bin Laden",19,13,1235141
"The Handmaid's Tale (TV series)",34,7,1231471
"Raid 2 (film)",335,155,1221150
"Mission: Impossible – Dead Reckoning Part One",62,45,1207333
"Bella Ramsey",23,10,1194114
"Backlash (2025)",293,116,1189725
"The Four Seasons (miniseries)",1,1,1187596
"Another Simple Favor",115,47,1187536
"Mukul Dev",85,39,1157043
"Neatsville, Kentucky",0,0,1137438
"Italian brainrot",125,42,1134166
"Cristiano Ronaldo",25,19,1126412
"Pedro Pascal",16,15,1115584
"Natalia Grace",70,38,1110211
"Thudarum",300,140,1107829
"Memorial Day",72,40,1103175
"List of The Handmaid's Tale episodes",55,29,1100085
"Sentry (Robert Reynolds)",42,32,1099684
"Wordle",23,16,1098787
"Instagram",6,5,1093395
"2025 Romanian presidential election",1274,254,1084538
"JJ (singer)",173,124,1083196
"Madeira",28,15,1080585
"2025 India–Pakistan standoff",2,1,1042566
"List of Marvel Cinematic Universe films",31,10,1027990
"Utrecht",2,2,1015098
"Durrës",2,2,1008110
"The Accountant 2",100,49,1006959
"Pakistan",60,13,999199
"Elon Musk",144,55,994596
"Bob Dylan",31,11,991018
"Tourist Family",308,85,983928
"Warfare (film)",85,44,978792
"India",102,24,967157
"2025 Pahalgam attack",330,78,949918
"Avengers: Doomsday",98,35,945087
"Heil Hitler (song)",288,120,939194
"Until Dawn (film)",103,53,935214
"A Simple Favor (film)",24,11,924586
"Wikipedia",23,15,920010
"Scottie Scheffler",144,52,905325
"Phil Robertson",67,35,902396
"List of countries by GDP (nominal)",27,11,902317
"Paul Reubens",28,11,899806
"UEFA Champions League",99,25,898279
"Walton Goggins",13,12,891229
"Isabela Merced",64,35,886952
"Jalen Brunson",?,?,883550
"Captain America: Brave New World",?,?,874212
"Hailee Steinfeld",?,?,873624
"2025 India–Pakistan strikes",?,?,871118
"2025 Canadian federal election",?,?,870925
"Miss World 2025",?,?,862008
"Tyrese Haliburton",?,?,853443
"List of European Cup and UEFA Champions League finals",?,?,849261
"Killing of Jason Corbett",?,?,839515
"S-400 missile system",?,?,837303
"Ibrahim Traoré",?,?,833004
"Mark Carney",?,?,827616
"2025 India–Pakistan conflict",?,?,813868
"Loretta Swit",?,?,807341
"Florence Pugh",?,?,803568
"Timothée Chalamet",?,?,799208
"Scarlett Johansson",?,?,795339
"Snow White (2025 film)",?,?,792999
"Cinco de Mayo",?,?,789303
"Tony Todd",?,?,787822
"Your Friends & Neighbors (TV series)",?,?,783326
"Nonnas",?,?,779470
"Benson Boone",?,?,777204
"List of NBA champions",?,?,775523
"Order of Saint Augustine",?,?,775134
"Mother's Day",?,?,773560
"Lewis Pullman",?,?,770812
"Dassault Rafale",?,?,763713
"2025 in film",?,?,762065
"Colman Domingo",?,?,756519
"2025–26 UEFA Champions League",?,?,755698
"Adolf Hitler",?,?,753623
"Karoline Leavitt",?,?,751532
"Grand Theft Auto VI",?,?,748499
"Joe Biden",?,?,733123
"1xBet",?,?,723318
"Rogue One",?,?,721933
"Pope John Paul I",?,?,721103
"The Royals (2025 TV series)",?,?,720670
"Balochistan, Pakistan",?,?,719503
"Kristi Noem",?,?,717879
"Sex",?,?,717292
"Gaza war",?,?,715480
"Papal conclave",?,?,713045
"2025 Formula One World Championship",?,?,712166
"Limonene",?,?,711877
"Sabu (wrestler)",?,?,708763
"Tom Hardy",?,?,704712
"Luis Enrique",?,?,701206
"September 11 attacks",?,?,699316
"The Diplomat (2025 film)",?,?,694373
"XNXX",?,?,691589
"Rihanna",?,?,683207
"A Working Man",?,?,681109
"Virat Kohli",?,?,680135
"2025 FIFA Club World Cup",?,?,679937
"Severance (TV series)",?,?,679608
"2026 FIFA World Cup",?,?,678831
"The Righteous Gemstones",?,?,677941
"List of presidents of the United States",?,?,675339
"Lilo & Stitch",?,?,674758
"You (TV series)",?,?,672352
"List of Hindi films of 2025",?,?,671695
"Tottenham Hotspur F.C.",?,?,670565
"Hurry Up Tomorrow (film)",?,?,661135
"Lionel Messi",?,?,655891
"Candidates in the 2025 Philippine Senate election",?,?,654750
"Money in the Bank (2025)",?,?,654621
"XXXTentacion",?,?,651584
"United Kingdom",?,?,649988
"Hayley Atwell",?,?,647873
"Jim Irsay",?,?,647148
"Havoc (2025 film)",?,?,645374
"You season 5",?,?,645157
"2025 Polish presidential election",?,?,644662
"Meghann Fahy",?,?,643174
"Final Destination (film)",?,?,642197
"Secretariat (horse)",?,?,638506
"Charles III",?,?,637747
"The Four Seasons (1981 film)",?,?,637558
"Vietnam War",?,?,636137
"LeBron James",?,?,632089
"Superman (2025 film)",?,?,631928
"Karl-Anthony Towns",?,?,631804
"The White Lotus",?,?,631265
"Indian Premier League",?,?,630005
"List of American films of 2025",?,?,629932
"Elizabeth II",?,?,629357
"Cuck (album)",?,?,628988
"Sydney Sweeney",?,?,626654
"Kanye West",?,?,625302
"Anthony Edwards (basketball)",?,?,624910
"Casey Means",?,?,623535
"Ruth Buzzi",?,?,622895
"Natasha Lyonne",?,?,613781
"UEFA Europa League",?,?,613023
"Zhao Xintong",?,?,612179
"Good Bad Ugly",?,?,611537
"Premier League",?,?,609150
"Alan Alda",?,?,608384
"The Last of Us Part II",?,?,608300
"WhatsApp",?,?,608178
"Fountain of Youth (film)",?,?,607475
"Karate Kid: Legends",?,?,605672
"BBC World Service",?,?,604729
"Jeff Cobb",?,?,603856
"2024 United States presidential election",?,?,602164
"Milly Alcock",?,?,601560
"Jeanine Pirro",?,?,598378
"Dean Huijsen",?,?,596692
"Clint Eastwood",?,?,596233
"Habeas corpus",?,?,595967
"Warren Buffett",?,?,595175
"Saint Peter",?,?,590916
"Vince Vaughn",?,?,588665
"Bonnie Blue (actress)",?,?,588277
"Chengdu J-10",?,?,586659
"Ana de Armas",?,?,585279
"2024–25 Premier League",?,?,584920
"David Attenborough",?,?,583734
"Kim Porter",?,?,582378
"Penn Badgley",?,?,582223
"Kesari Chapter 2",?,?,581875
"The Eternaut (TV series)",?,?,578548
"Poker Face (TV series)",?,?,575950
"2024–25 UEFA Champions League",?,?,574647
"Survivor 48",?,?,573436
"Manchester United F.C.",?,?,571918
"Michael B. Jordan",?,?,570667
"The Phoenician Scheme",?,?,569387
"Blake Lively",?,?,569115
"Xabi Alonso",?,?,568901
"Magic cross piercing",?,?,568000
"Jaat (film)",?,?,563769
"Lady Gaga",?,?,563188
"Michael Jordan",?,?,560984
"Taylor Swift",?,?,560871
"Nicușor Dan",?,?,560180
"Vatican City",?,?,559874
"Larry Hoover",?,?,559267
"Pietro Parolin",?,?,559160
"Barack Obama",?,?,558835
"The Rehearsal (TV series)",?,?,558342
"Kashmir",?,?,558210
"FC Barcelona",?,?,557823
"World War I",?,?,557706
"Israel",?,?,557399
"Real Madrid CF",?,?,555253
"Marie Antoinette",?,?,550249
"Keanu Reeves",?,?,549845
"Crystal Palace F.C.",?,?,549703
"OnlyFans",?,?,547393
"Anthony Albanese",?,?,545487
"Eurovision Song Contest",?,?,544513
"List of Stanley Cup champions",?,?,543794
"Carlo Ancelotti",?,?,542597
"Doom: The Dark Ages",?,?,541566
"Mission: Impossible – Fallout",?,?,540799
"Inter Milan",?,?,540785
"I Love xxx (song)",?,?,537986
"China",?,?,536362
"The Last of Us",?,?,535356
"Turkey",?,?,533701
"FIFA Club World Cup",?,?,529691
"Bring Her Back",?,?,529682
"The Rookie (TV series)",?,?,523973
"JD Vance",?,?,522587
"Death of a Unicorn",?,?,522354
"Final Destination 5",?,?,521246
"Bill Belichick",?,?,520415
"John Paul II",?,?,520001
"Nicole Kidman",?,?,518489
"List of highest-grossing films",?,?,517760
"Lyle and Erik Menendez",?,?,515664
"List of Black Mirror episodes",?,?,514943
"Canada",?,?,514499
"The Fantastic Four: First Steps",?,?,513612
"List of active Indian military aircraft",?,?,513499
"Sikandar (2025 film)",?,?,513275
"Jeremie Frimpong",?,?,512594
"Michael Jackson",?,?,511305
"Adolescence (TV series)",?,?,510055
"Russian invasion of Ukraine",?,?,509696
"Luis Antonio Tagle",?,?,509454
"Mickey 17",?,?,508274
"Facebook",?,?,506095
"Stanley Tucci",?,?,505810
"Ryan Coogler",?,?,505742
"Natalie Portman",?,?,505598
"The Holocaust",?,?,505360
"Vladimir Putin",?,?,504827
"Marvel Cinematic Universe",?,?,501457
"Beyoncé",?,?,500875
"The Eternaut",?,?,500113
"Overcompensating (TV series)",?,?,499792
"Robert F. Kennedy Jr.",?,?,498962
"Asim Munir",?,?,498516
"Jane Austen",?,?,495136
"Stephen Miller (political advisor)",?,?,494461
"Benedict XVI",?,?,494316
"The Brutalist",?,?,493355
"Rowan Atkinson",?,?,493315
"UEFA Conference League",?,?,492988
"Brett Favre",?,?,492938
"Nottoway Plantation",?,?,492387
"Google",?,?,491032
"Kylie Jenner",?,?,485921
"2025 IIHF World Championship",?,?,485454
"Mission: Impossible (film)",?,?,485383
"Met Gala",?,?,484036
"Pope Leo I",?,?,483392
"List of states with nuclear weapons",?,?,483364
"Wiki",?,?,482270
"Mohammed bin Salman",?,?,481786
"Susan Sarandon",?,?,481331
"Good American Family",?,?,481283
"NXT Battleground (2025)",?,?,481228
"Kylian Mbappé",?,?,481116
"Scott Bessent",?,?,480895
"Thug Life (2025 film)",?,?,480873
"Saddam Hussein",?,?,480368
"Ange Postecoglou",?,?,478009
"Party-list representation in the House of Representatives of the Philippines",?,?,477963
"Hunter Schafer",?,?,476769
"List of Eurovision Song Contest winners",?,?,476339
"Rick Derringer",?,?,475824
"Housefull 5",?,?,475693
"Russia",?,?,475639
"UFC 315",?,?,474078
"Robert De Niro",?,?,473573
"Linda Cardellini",?,?,473446
"Alexander Skarsgård",?,?,471632
"Opinion polling for the next United Kingdom general election",?,?,471629
"Atomic bombings of Hiroshima and Nagasaki",?,?,471550
"BrahMos",?,?,470499
"Paris Saint-Germain FC",?,?,470307
"Fear Street: Prom Queen",?,?,468818
"John Paul I",?,?,468212
"The Long Walk (novel)",?,?,467730
"Japan",?,?,465260
"Australia",?,?,464483
"Masood Azhar",?,?,464453
"Ahmed al-Sharaa",?,?,463040
"Christina piercing",?,?,462517
"Marvel Cinematic Universe: Phase Six",?,?,462047
"Mia Khalifa",?,?,461696
"Narendra Modi",?,?,461110
"The Ugly Stepsister",?,?,460794
"Pom Klementieff",?,?,459530
"Simone Inzaghi",?,?,458822
"List of states and territories of the United States",?,?,458559
"Jeffrey Dahmer",?,?,458460
"Sabrina Carpenter",?,?,457562
"Saturday Night's Main Event",?,?,457023
"MrBeast6000",?,?,456947
"Friendship (2024 film)",?,?,456335
"Singapore",?,?,454340
"John F. Kennedy",?,?,452026
"Burkina Faso",?,?,451729
"Lorraine Bracco",?,?,451264
"Trent Alexander-Arnold",?,?,450165
"Soviet Union",?,?,449606
"Liverpool F.C.",?,?,449089
"Ralph Fiennes",?,?,448452
"Jon Hamm",?,?,448078
"List of highest-grossing Malayalam films",?,?,446119
"Mark Kerr (fighter)",?,?,446101
"wiki.phtml",?,?,445872
"Final Destination 2",?,?,444830
"Pornhub",?,?,444631
"Stephen Curry",?,?,444392
"Friedrich Merz",?,?,444306
"List of countries by GDP (nominal) per capita",?,?,443964
"New York City",?,?,443688
"Chet Holmgren",?,?,443646
"Ryan Reynolds",?,?,442557
"Nathan Fielder",?,?,441777
"Nikola Jokić",?,?,441319
"The White Lotus season 3",?,?,441076
"2025 Philippine general election",?,?,439325
"Napoleon",?,?,438907
"2025 Philippine Senate election",?,?,437678
"Pan Am Flight 103",?,?,437382
"Kerri Kenney-Silver",?,?,437255
"2025–26 UEFA Europa League",?,?,435104
"Chelsea F.C.",?,?,434886
"Jack Della Maddalena",?,?,434695
"Arsenal F.C.",?,?,434067
"The Studio (TV series)",?,?,434002
"Queen Victoria",?,?,433160
"2025 Indian Premier League",?,?,433021
"Star Wars",?,?,430373
"XXX: Return of Xander Cage",?,?,430197
"Ed and Lorraine Warren",?,?,429957
"Elisabeth Moss",?,?,428236
"Ishaan Khatter",?,?,427934
"Benito Skinner",?,?,427852
"Grand Theft Auto V",?,?,426922
"Catholic Church",?,?,426632
"Germany",?,?,426056
"Stellan Skarsgård",?,?,425801
"Sherri Papini kidnapping hoax",?,?,425344
"RuPaul's Drag Race All Stars season 10",?,?,424963
"2025 NBA playoffs",?,?,424744
"List of Indian Premier League seasons and results",?,?,424474
"Papal name",?,?,423436
"Chappell Roan",?,?,422978
"Jenna Ortega",?,?,421189
"Double or Nothing (2025)",?,?,420807
"Oscar Piastri",?,?,420255
"Adria Arjona",?,?,419380
"Ewan McGregor",?,?,419155
"Yellowstone (American TV series)",?,?,419150
"Jesus",?,?,418202
"Wyatt Russell",?,?,417113
"Marvel Cinematic Universe: Phase Five",?,?,416519
"Steve Carell",?,?,415694
"Indian Air Force",?,?,415522
"Freddie Mercury",?,?,415242
"Ajit Doval",?,?,415114
"James Charles",?,?,415043
"South Africa",?,?,414753
"Mission: Impossible – Ghost Protocol",?,?,413493
"New York Knicks",?,?,413467
"Chernobyl disaster",?,?,413065
"Diego Luna",?,?,413047
"Kargil War",?,?,412607
"Anna Kendrick",?,?,412274
"Mike Waltz",?,?,412172
"Pierce Brosnan",?,?,412055
"The Final Destination",?,?,412053
"Shaquille O'Neal",?,?,411331
"United Arab Emirates",?,?,411254
"Babygirl",?,?,410988
"Vanessa Kirby",?,?,410740
"Pamela Anderson",?,?,410397
"Killing of Osama bin Laden",?,?,410230
"Keith Hunter Jesperson",?,?,409898
"Henry VIII",?,?,409785
"Anna Camp",?,?,408585
"XXX",?,?,407836
"Jack O'Connell (actor)",?,?,407462
"Cher",?,?,407253
"The Handmaid's Tale",?,?,407194
"Bhool Chuk Maaf",?,?,407005
"2025 UEFA Champions League final",?,?,406532
"28 Years Later",?,?,406159
"Elvis Presley",?,?,405622
"Sam Altman",?,?,405592
"Mission: Impossible – Rogue Nation",?,?,405530
"Mariska Hargitay",?,?,405402
"QR code",?,?,404472
"Will Forte",?,?,403963
"2025 United Kingdom local elections",?,?,403820
"Weapons (2025 film)",?,?,403686
"Hailey Bieber",?,?,403388
"Marco Rubio",?,?,403323
"Hacks (TV series)",?,?,402537
"Black Mirror",?,?,401998
"Saudi Arabia",?,?,400738
"Qatar",?,?,399470
"Imran Khan",?,?,398896
"Jennifer Lawrence",?,?,398149
"Bradley Cooper",?,?,396467
"Anna Nicole Smith",?,?,395848
"INS Vikrant (2013)",?,?,395469
"Malcolm X",?,?,394568
"Gladiator II",?,?,394436
"List of ethnic slurs",?,?,394342
"Forever (2025 TV series)",?,?,393985
"Jurassic World Rebirth",?,?,393018
"Sleep Token",?,?,393011
"Augustinians",?,?,392869
"CAC/PAC JF-17 Thunder",?,?,392862
"Erika Henningsen",?,?,392833
"Pete Rose",?,?,392800
"Franklin D. Roosevelt",?,?,392090
"Max Verstappen",?,?,391528
"List of Tamil films of 2025",?,?,390503
"Tory Lanez",?,?,390024
"George W. Bush",?,?,390017
"Russo-Ukrainian War",?,?,389132
"Billy Joel",?,?,388948
"HIT: The Second Case",?,?,388835
"Khalid Sheikh Mohammed",?,?,388735
"Abraham Lincoln",?,?,388700
"Gregg Popovich",?,?,388694
"MrBeast",?,?,388558
"The Pitt",?,?,388403
"Monaco",?,?,387836
"Geraldine Viswanathan",?,?,387742
"Liver King",?,?,387321
"Tina Fey",?,?,387240
"Ballerina (2025 film)",?,?,386962
"2025 Singaporean general election",?,?,386657
"Bangladesh",?,?,386257
"Doctor Who",?,?,386223
"Brad Pitt",?,?,385842
"Justin Bieber",?,?,385813
"Canelo Álvarez",?,?,385740
"HIT: The First Case",?,?,385325
"Winston Churchill",?,?,385180
"Albert Einstein",?,?,385061
"Drop (film)",?,?,383921
"Jayne Mansfield",?,?,383728
"Ronald Reagan",?,?,383570
"Z-Library",?,?,383378
"Kelsey Grammer",?,?,382858
"Robin Williams",?,?,382558
"2025 India–Pakistan border skirmishes",?,?,382357
"Saturday Night's Main Event XXXIX",?,?,381909
"Kaitlyn Dever",?,?,381795
"Dark web",?,?,381521
"Sussan Ley",?,?,381026
"List of news channels in Pakistan",?,?,380777
"Game of Thrones",?,?,380635
"Ted Bundy",?,?,379449
"Joseph Stalin",?,?,378803
"Jill Sobule",?,?,378721
"Lorde",?,?,377575
"Pierbattista Pizzaballa",?,?,377538
"When Life Gives You Tangerines",?,?,377484
"English language",?,?,377379
"List of current cardinals",?,?,377119
"List of active Pakistan Air Force aircraft",?,?,376132
"Novak Djokovic",?,?,375795
"Caitlin Clark",?,?,375440
"XXX (video game)",?,?,375057
"1337x",?,?,374982
"F1 (film)",?,?,374372
"Sexual intercourse",?,?,374300
"Lewis Hamilton",?,?,373964
"Paradise (2025 TV series)",?,?,373912
"Jason Statham",?,?,373656
"Ving Rhames",?,?,373038
"Philippines",?,?,372731
"List of United States cities by population",?,?,372576
"Minecraft",?,?,372557
"Jason Sudeikis",?,?,372306
"Luka Modrić",?,?,371396
"Sophie Cunningham (basketball)",?,?,370829
"Rahul Dev",?,?,370703
"Ottoman Empire",?,?,370616
"A",?,?,370531
"Final Destination 3",?,?,370385
"Olivia Munn",?,?,370211
"Mission: Impossible III",?,?,370059
"The Amateur (2025 film)",?,?,369784
"Annabelle (doll)",?,?,369112
"Val Kilmer",?,?,367837
"The Accountant (2016 film)",?,?,367696
"List of The Rookie episodes",?,?,366336
"Jeremy Renner",?,?,365985
"Chicago Tylenol murders",?,?,365731
"Villanova University",?,?,365297
"Pakistan Air Force",?,?,365201
"Achraf Hakimi",?,?,364238
"Wes Anderson",?,?,363780
"Charlie Kirk",?,?,363567
"Arnold Schwarzenegger",?,?,363340
"Lisa (rapper)",?,?,363283
"Ne Zha 2",?,?,363153
"Taiwan",?,?,362753
"Harrison Ford",?,?,362204
"Wrexham A.F.C.",?,?,361879
"Cooper Flagg",?,?,361488
"José Mujica",?,?,360814
"Harry Kane",?,?,360621
"Maaman",?,?,360543
"Charli XCX",?,?,359745
"Billie Eilish",?,?,359525
"Son Heung-min",?,?,359035
"Reform UK",?,?,358922
"Anne Hathaway",?,?,358724
"List of Doctor Who episodes (2005–present)",?,?,358124
"Colin Jost",?,?,358109
"2025 Portuguese legislative election",?,?,357872
"Murderbot (TV series)",?,?,357843
"Minka Kelly",?,?,357523
"Companion (film)",?,?,357122
"Palestine",?,?,356742
"Scott McTominay",?,?,356634
"La Liga",?,?,356475
"Rebecca Ferguson",?,?,356319
"Sai Dhanshika",?,?,356060
"Andrew Tate",?,?,355999
"Worlds Collide (2025)",?,?,355944
"Kobe Bryant",?,?,355641
"Keir Starmer",?,?,355593
"Odela 2",?,?,355568
"Syria",?,?,355392
"John Cena",?,?,355332
"Nine Perfect Strangers (TV series)",?,?,355061
"List of popes by country",?,?,354914
"Snapchat",?,?,354444
"1923 (TV series)",?,?,354156
"ASAP Rocky",?,?,353997
"Raphinha",?,?,353635
"Leo XIV",?,?,353406
"Todd Chrisley",?,?,350975
"2025 French Open – Men's singles",?,?,350623
"The Conjuring Universe",?,?,350539
"Dwayne Johnson",?,?,349536
"William Bludworth",?,?,349370
"Shakira",?,?,349218
"Vikram Misri",?,?,349217
"Viktor Gyökeres",?,?,348561
"France",?,?,348176
"Indo-Pakistani war of 1971",?,?,348131
"Paul VI",?,?,348111
"Windows 10 version history",?,?,348077
"Francesco Acerbi",?,?,348020
"Ransom Canyon (TV series)",?,?,347800
"2025 World Snooker Championship",?,?,347288
"Victory in Europe Day",?,?,346878
"Eurovision Song Contest 2024",?,?,346497
"Top Gun: Maverick",?,?,346304
"Telegram (software)",?,?,346143
"The Testaments",?,?,345264
"2025–26 UEFA Conference League",?,?,345250
"The Four Seasons (TV series)",?,?,344975
"Dave Portnoy",?,?,344929
"Heath Ledger",?,?,344713
"2024–25 UEFA Europa League",?,?,343869
"2013 papal conclave",?,?,343615
"Genghis Khan",?,?,343448
"Talia Shire",?,?,343239
"Angelina Jolie",?,?,342083
"Greg Abel",?,?,341918
"The Secret Lives of Mormon Wives",?,?,341810
"The Weeknd",?,?,341775
"List of countries and dependencies by population",?,?,341647
"Désiré Doué",?,?,341642
"Oklahoma City Thunder",?,?,340829
"Jason Momoa",?,?,340720
"List of prime ministers of India",?,?,340318
"Vietnam",?,?,339881
"Jannik Sinner",?,?,339769
"Steve Jobs",?,?,339492
"Leonardo DiCaprio",?,?,339477
"Ben Affleck",?,?,338928
"Josh Duhamel",?,?,338879
"Florian Wirtz",?,?,338693
"86 (term)",?,?,338566
"Hannah Waddingham",?,?,338441
"Rafael Nadal",?,?,338413
"Afghanistan",?,?,338345
"2025 Cannes Film Festival",?,?,338241
"Kim Kardashian",?,?,338161
"2025 Stanley Cup playoffs",?,?,338145
"Olga Kurylenko",?,?,337238
"Miley Cyrus",?,?,336919
"Star Wars (film)",?,?,336231
"George VI",?,?,336010
"Rod Stewart",?,?,335588
"Diana, Princess of Wales",?,?,335419
"Katie Holmes",?,?,335266
"Katseye",?,?,334502
"Bad Bunny",?,?,334129
"Al-Qaeda",?,?,332961
"ASEAN All-Stars",?,?,332671
"Sex worker",?,?,332078
"List of WWE pay-per-view and livestreaming supercards",?,?,331893
"Bruce Springsteen",?,?,331791
"Department Q (TV series)",?,?,331682
"Pascal Siakam",?,?,331637
"S. Jaishankar",?,?,331599
"Brenda Vaccaro",?,?,331283
"Neymar",?,?,330979
"Ted Kaczynski",?,?,330888
"David Beckham",?,?,330746
"Kevin De Bruyne",?,?,330730
"Balochistan",?,?,330701
"Jennifer Lopez",?,?,329704
"Mount Everest",?,?,329331
"Eminem",?,?,329219
"Nicolae Ceaușescu",?,?,328667
"Indonesia",?,?,328463
"Jackie Chan",?,?,328270
"Katy Perry",?,?,328138
"O. J. Simpson",?,?,328098
"Miles Caton",?,?,326781
"Lando Norris",?,?,326716
"Liam Payne",?,?,326474
"Gigi Hadid",?,?,325449
"Benjamin Netanyahu",?,?,325305
"Periodic table",?,?,325070
"Twitter",?,?,325023
"Marco Calvani",?,?,324602
"Augustine of Hippo",?,?,324334
"Madeline Brewer",?,?,323960
"President of the United States",?,?,323579
"Brittany Murphy",?,?,323555
"Hannah John-Kamen",?,?,323501
"Dua Lipa",?,?,323480
"Pete Hegseth",?,?,323052
"Jayson Tatum",?,?,322693
"Bill Gates",?,?,322306
"Julianne Moore",?,?,322033
"Kaitlyn Santa Juana",?,?,321579
"2008 Mumbai attacks",?,?,321499
"George Simion",?,?,321298
"American Civil War",?,?,320728
"List of Star Wars films",?,?,320682
"Metallica",?,?,320487
"Rachel Zegler",?,?,320370
"Julia Louis-Dreyfus",?,?,320215
"Nicolas Cage",?,?,320036
"List of countries and dependencies by area",?,?,319952
"Shoeless Joe Jackson",?,?,319794
"Switzerland",?,?,319791
"DuckDuckGo",?,?,319297
"Georgie & Mandy's First Marriage",?,?,318978
"Richard Nixon",?,?,318667
"Black Bag",?,?,318064
"Filippo Inzaghi",?,?,317707
"Yellowjackets (TV series)",?,?,317109
"Anora",?,?,316828
"Stranger Things",?,?,316793
"Roblox",?,?,316781
"Ariana Grande",?,?,316623
"Iran",?,?,316145
"Shashi Tharoor",?,?,316006
"Shehbaz Sharif",?,?,315903
"The Beatles",?,?,315734
"Mahatma Gandhi",?,?,315595
"Mexico",?,?,315593
"Jeffrey Dean Morgan",?,?,315413
"SSC Napoli",?,?,315136
"Rust (2024 film)",?,?,314972
"Kid Cudi",?,?,314931
"General Dynamics F-16 Fighting Falcon",?,?,314898
"Jack Black",?,?,314712
"Doctor Who series 15",?,?,314690
"Barry Diller",?,?,314119
"List of James Bond films",?,?,314060
"Christa Pike",?,?,313812
"Indira Gandhi",?,?,313777
"Jeremy Camp",?,?,313764
"Lockheed Martin F-35 Lightning II",?,?,313550
"Italy",?,?,313483
"International Workers' Day",?,?,313382
"Cat",?,?,312887
"Amber Heard",?,?,312617
"2022 Australian federal election",?,?,312540
"Artificial intelligence",?,?,312290
"Eva Longoria",?,?,311605
"Robert Pattinson",?,?,311202
"Vaibhav Suryavanshi",?,?,311199
"Alexander the Great",?,?,310282
"Russell Westbrook",?,?,310178
"Brooklyn",?,?,310085
"Sarah Silverman",?,?,309962
"King Von",?,?,309352
"Hayden Christensen",?,?,309177
"Netherlands",?,?,308199
"Conan O'Brien",?,?,307998
"Berkshire Hathaway",?,?,307787
"Javaris Crittenton",?,?,307658
"Sitaare Zameen Par (film)",?,?,307611
"Jennifer Coolidge",?,?,307570
"New Zealand",?,?,307057
"Mauritius",?,?,307033
"Chris Kyle",?,?,307019
"Josh Hartnett",?,?,306938
"Fritzl case",?,?,306936
"Indiana Pacers",?,?,306753
"Philosophy",?,?,306689
"Cowboy Carter Tour",?,?,306647
"How to Train Your Dragon (2025 film)",?,?,306495
"Benny Blanco",?,?,306381
"Melania Trump",?,?,306366
"Belal Muhammad",?,?,306060
"Xi Jinping",?,?,305418
"Ayrton Senna",?,?,305181
"Madonna",?,?,304722
"Jelly Roll (singer)",?,?,304661
"List of best-selling video games",?,?,304630
"HAL Tejas",?,?,304403
"Lauren Sánchez",?,?,304281
"Jon Bernthal",?,?,303986
"Cyprus",?,?,303551
"Love, Death & Robots",?,?,303448
"Edward VIII",?,?,303310
"Woody Guthrie",?,?,303188
"Mary Elizabeth Winstead",?,?,303186
"Margaret Qualley",?,?,303061
"Seven deadly sins",?,?,302928
"William, Prince of Wales",?,?,302773
"David Bowie",?,?,302472
"Grand Theft Auto",?,?,302378
"George Clooney",?,?,302070
"Until Dawn",?,?,301733
"2025 NFL draft",?,?,301701
"Dakota Johnson",?,?,301632
"Jamie Vardy",?,?,301606
"Nazi Germany",?,?,301527
"Prince (musician)",?,?,301438
"Sebastian Stan",?,?,301355
"FIFA World Cup",?,?,300896
"Spain",?,?,300504
"2025",?,?,300289
"Emmett Till",?,?,299879
"Shah Rukh Khan",?,?,299832
"Zendaya",?,?,299716
"Jennifer Aniston",?,?,299426
"Gary Sinise",?,?,299305
"Elizabeth I",?,?,299269
"Joe Manganiello",?,?,298894
"Shia LaBeouf",?,?,298738
"Denise Gough",?,?,298734
"French Open",?,?,298442
"Mission: Impossible 2",?,?,298290
"Eddington (film)",?,?,297992
"William Shakespeare",?,?,297872
"Peter Dutton",?,?,297861
"Amanda Peet",?,?,297656
"George V",?,?,297505
"Azerbaijan",?,?,297462
"Morgan Wallen",?,?,297442
"Helen Mirren",?,?,297416
"Resident Playbook",?,?,297277
"Charlotte Ritchie",?,?,297247
"Kris Jenner",?,?,297164
"Earth",?,?,296966
"Marilyn Monroe",?,?,296875
"The White Lotus season 2",?,?,296777
"Kentucky Derby",?,?,296590
"HTTP 404",?,?,296169
"Andrea Kimi Antonelli",?,?,295845
"Benito Mussolini",?,?,295572
"Robert F. Kennedy",?,?,295527
"Sylvester Stallone",?,?,295459
"London",?,?,295425
"George Washington",?,?,295300
"The Empty Man (film)",?,?,295149
"Opinion polling for the 2025 Polish presidential election",?,?,294991
"Ozzy Osbourne",?,?,294968
"Rohit Sharma",?,?,294572
"Linkin Park",?,?,294191
"Pope Paul VI",?,?,294183
"Pam Bondi",?,?,293953
"PL-15",?,?,293870
"Die, My Love",?,?,293531
"Rick Carlisle",?,?,293222
"Ku Klux Klan",?,?,293174
"Buddy Hield",?,?,292820
"Jalen Williams",?,?,292487
"Pope Pius XII",?,?,292427
"Angela Bassett",?,?,292406
"American Music Awards of 2025",?,?,291834
"Yann Sommer",?,?,291760
"Bill Clinton",?,?,291564
"The Odyssey (2026 film)",?,?,291336
"The Wheel of Time (TV series)",?,?,291335
"Wunmi Mosaku",?,?,290945
"Roman Empire",?,?,290531
"Poland",?,?,290498
"Tom Cruise filmography",?,?,290416
"The World's Billionaires",?,?,290345
"Scientology",?,?,290198
"L2: Empuraan",?,?,290045
"Tommy Cash (rapper)",?,?,289958
"Wikimedia Foundation",?,?,289856
"Selena Gomez",?,?,289633
"Taskmaster (TV series)",?,?,289321
"George H. W. Bush",?,?,289041
"Grey's Anatomy",?,?,288920
"Kirstie Alley",?,?,288828
"J. Robert Oppenheimer",?,?,288762
"Roman Catholic Diocese of Chiclayo",?,?,288603
"George Floyd",?,?,288553
"Sutton Foster",?,?,288539
"John Krasinski",?,?,288335
"Generation Z",?,?,288119
"Cardinal (Catholic Church)",?,?,288066
"The Amazing Race 37",?,?,287961
"Brazil",?,?,287613
"Álex Palou",?,?,287598
"Gary Lineker",?,?,287559
"Salma Hayek",?,?,287558
"Jeffrey Epstein",?,?,287506
"Sunderland A.F.C.",?,?,287254
"Armenia",?,?,286969
"Ali Larter",?,?,286670
"Kristen Stewart",?,?,286652
"Celine Dion",?,?,286377
"Glen Powell",?,?,285971
"Manchester City F.C.",?,?,285909
"Jimmy Butler",?,?,285756
"Nosferatu (2024 film)",?,?,285729
"Eurovision Song Contest 2026",?,?,285715
"Liza Minnelli",?,?,285681
"The Residence (TV series)",?,?,285653
"Kendrick Lamar",?,?,285584
"Carlos Alcaraz",?,?,285440
"Genevieve O'Reilly",?,?,285439
"James Comey",?,?,285266
"Tom Hanks",?,?,285242
"Thierry Henry",?,?,285172
"John XXIII",?,?,284872
"Albania",?,?,284778
"Pope Leo XIIV",?,?,284393
"The Devil's Plan",?,?,284308
"National Basketball Association",?,?,284044
"A Complete Unknown",?,?,283727
"The Murderbot Diaries",?,?,283046
"Serie A",?,?,283033
"Dick Van Dyke",?,?,282966
"Stranger Things season 5",?,?,282578
"Pierre Poilievre",?,?,282574
"Travis Scott",?,?,282461
"Tin Soldier (film)",?,?,282285
"Pablo Escobar",?,?,282263
"David Souter",?,?,281903
"Tupac Shakur",?,?,281807
"Harry Potter (film series)",?,?,281719
"EFL Championship",?,?,281702
"List of Love, Death & Robots episodes",?,?,281505
"John Lennon",?,?,280991
"Bill Pullman",?,?,280931
"Clown in a Cornfield (film)",?,?,280640
"Bruce Lee",?,?,280521
"Hugh Jackman",?,?,280506
"28 Days Later",?,?,280349
"Muhammad",?,?,280254
"Joan Baez",?,?,280230
"Millie Bobby Brown",?,?,280223
"Anthony Bourdain",?,?,280223
"The Pirate Bay",?,?,279860
"Hamas",?,?,279763
"Ukraine",?,?,279668
"Romania",?,?,279514
"Czech Republic",?,?,279285
"Malta",?,?,279235
"Henry Cavill",?,?,279234
"Nigel Farage",?,?,279055
"69 (sex position)",?,?,279020
"Quentin Tarantino",?,?,278992
"Phil Collins",?,?,278903
"Kevin Bacon",?,?,278859
"Sunrise on the Reaping",?,?,278843
"Julius Randle",?,?,278801
"Denzel Washington",?,?,278593
"Donte DiVincenzo",?,?,278322
"Hong Kong",?,?,277977
"List of countries by GDP (PPP) per capita",?,?,277779
"Chris Pratt",?,?,277470
"CD-ROM",?,?,277354
"Bill Skarsgård",?,?,277318
"Bruce Willis",?,?,277171
"Jeff Bezos",?,?,277152
"Ashley Judd",?,?,277142
"Chris Brown",?,?,276022
"Megan Fox",?,?,275249
"ABBA",?,?,275166
"Veera Dheera Sooran",?,?,275107
"Fall (2022 film)",?,?,275074
"Janet Jackson",?,?,274913
"Michael J. Fox",?,?,274906
"White genocide conspiracy theory",?,?,274657
"Romelu Lukaku",?,?,274383
"Valerie Mahaffey",?,?,274111
"Mimi Rogers",?,?,273937
"Kashmir conflict",?,?,273773
"South African farm attacks",?,?,273615
"Eiza González",?,?,273493
"Yung Miami",?,?,273428
"David Harbour",?,?,273288
"Carrie Fisher",?,?,272931
"Boris Johnson",?,?,272905
"Europe",?,?,272848
"Anne Boleyn",?,?,272360
"AC/DC",?,?,272209
"John Brown (abolitionist)",?,?,271624
"Kelly Piquet",?,?,271566
"Emma Stone",?,?,271506
"Chris Cornell",?,?,271504
"Odela Railway Station",?,?,271434
"Interstellar (film)",?,?,271070
"Harry Potter",?,?,270978
"Barron Trump",?,?,270966
"Guy Ritchie",?,?,270934
"9-1-1 (TV series)",?,?,270665
"Esai Morales",?,?,270455
"Michelle Williams (actress)",?,?,270341
"The Sopranos",?,?,270156
